,,,Tharsis,,,,,Elysium,,,,,Hellas,,,,,VN,,modular M&A Expansion,,,,,,,,,,,,,,,,,,Tharsis,,,,,Elysium,,,,,Hellas,,,,,VN,,modular M&A Expansion,,,,,,,,,,,,,,,,Ares,,Moon,,Path,,Under world,,"Amazonis
Planitia",,,,,"Arabia
Terra",,,,,"Terra
Cimmeria",,,,,Vastitas Borealis,,,,,Ares,,Moon,,Path,,Under world,,"Amazonis
Planitia",,,,,"Arabia
Terra",,,,,"Terra
Cimmeria",,,,,Vastitas Borealis,,,,,Comment
,,1186,0,0,2,0,0,0,0,1,2,0,2,1,3,2,1,0,2,4,1,3,4,7,6,4,7,0,3,3,8,2,2,3,4,10,6,10,7,8,8,5,7,9,8,10,10,15,17,7,4,10,4,9,3,17,15,6,11,9,18,12,7,13,1,11,14,6,16,9,20,18,8,11,3,4,4,5,5,16,3,6,20,10,7,16,5,7,14,11,22,15,57,12,18,12,22,11,18,20,14,16,6,7,1,9,28,29,5,28,8,12,18,7,36,10,18,8,2,22,4,21,25,3,28,12,
,1186,1186,Terraformer,Mayor,Gardener,Builder,Planner,Generalist,Specialist,Ecologist,Tycoon,Legend,Diversifier,Tactician,Polar Explorer,Energizer,Rim Settler,Hoverlord*,Venusian*,Agronomist,Merchant,Geologist,Planetologist*,Producer,Philantropist,Fundraiser,Engineer,Lobbyist*,Briber,Sponsor,Landshaper,Farmer,Researcher,Hydrologist,Thawer,Architect,Coastguard,Landlord,Scientist,Banker,Thermalist,Miner,Celebrity,Industrialist,Desert Settler,Estate Dealer,Benefactor,Cultivator,Magnate,Space Baron,Excentric,Contractor,Air Commander*,Venuphile*,Administrator,Metropolist,Founder,Investor,Mogul,Electrician,Constructor*,Manufacturer,Traveller,Collector,Politician*,Highlander,Landscaper,Incorporator,Suburbian*,Blacksmith,Networker*,Purifier*,One Giant Step*,Lunarchitect*,Martian*,Analyst*,Risktaker,Tunneler*,Colonizer*,Forester,Minimalist,Terran,Tropicalist,Economizer,Pioneer*,Land Specialist,Martian*,Terran,T. Collector,Firestarter,Terra Pioneer,Spacefarer,Gambler,V. Electrician,Smith,Tradesman,Irrigator,Capitalist,Entrepreneur*,Rugged*,Full Moon*,Lunar Magnate*,Marsophile*,Archivist*,Kingpin*,Edgelord*,Curator,A. Engineer,Promoter,Tourist,A. Zoologist,Cosmic Settler,Botanist,Promoter,A. Manufacturer,Zoologist,Biologist,Incorporator,T. Politician*,Urbanist,Warmonger,Forecaster,Edgedancer*,Visionary,Naturalist,Voyager,"For Utopia Planitia, Terra Crimmeria Novus and Vastitas Borealis Novus all Milestones and Awards are available with the modular MAs or on the other maps. Thus it is not needed here to mentioned them again and seperate by map."
Tharsis,31,Terraformer,NaN,0,2,0,0,0,0,0,0,0,0,0,1,0,0,0,0,0,0,0,0,0,0,0,1,0,0,0,1,0,0,5,5,0,1,1,0,0,1,0,0,0,1,1,9,2,0,0,0,0,0,0,0,0,0,0,0,0,0,0,0,0,0,0,0,0,1,0,1,2,0,2,0,0,0,0,0,2,0,0,1,2,0,0,0,0,0,1,1,0,0.5,0,0,0,1,0,0,0,0,2,0,0,0,0,0,0,1,1,0,0,2,1,0,0,0,0,0,0,0,0,1,0,3,0,
,29,Mayor,,NaN,3,0,0,0,0,0,0,0,0,0,4,0,0,0,0,0,0,4,0,0,1,0,0,0,0,0,3,0,0,0,0,8,3,6,0,0,0,0,0,0,4,4,0,6,0,0,0,0,0,0,0,9,4,0,0,0,8,1,0,0,0,4,6,0,2,0,2,1,0,0,0,0,0,0,0,0,0,0,4,0,0,0,0,0,0,0,4,0,0.5,0,0,0,3,0,0,3,0,0,0,0,0,0,0,0,0,1,0,5,0,0,0,0,0,0,0,5,0,0,2,0,0,0,
,28,Gardener,,,NaN,0,0,0,0,1,0,0,0,0,4,0,0,0,0,4,0,4,0,0,0,0,0,0,0,0,2,0,0,0,0,0,3,6,0,0,0,0,0,0,4,5,2,9,0,0,0,0,0,0,0,0,4,0,0,0,0,0,0,0,0,4,6,0,4,0,2,1,0,0,0,0,0,0,0,5,0,0,4,0,0,0,0,0,0,0,4,0,0.5,0,0,0,3,0,0,3,0,0,0,0,0,0,0,0,0,1,0,0,5,0,0,0,1,0,0,0,0,0,4,0,2,0,
,21,Builder,,,,NaN,0,0,0,0,4,0,0,0,0,0,0,0,0,0,0,0,0,0,1,0,1,0,0,0,1,0,0,0,0,6,0,0,0,0,0,1,0,1,0,0,0,0,5,0,0,9,0,0,0,4,1,0,0,0,3,5,0,0,0,0,0,0,0,1,0,0,0,0,0,0,0,0,0,0,0,0,0,0,0,0,0,0,2,0,0,0,0.5,0,1,0,0,0,0,0,0,0,0,0,0,0,7,3,0,0,0,0,0,0,1,0,0,0,0,3,0,0,0,0,0,0,
,7,Planner,,,,,NaN,0,0,0,0,0,0,0,0,0,0,0,0,0,0,0,0,0,0,0,0,0,0,0,0,0,0,0,0,0,0,0,1,0,0,0,0,0,0,0,0,0,1,0,0,0,0,0,0,0,0,0,0,0,0,0,0,0,0,0,0,0,0,0,0,0,0,0,0,0,1,0,0,0,0,0,0,0,0,0,0,0,1,0,0,0,0.5,0,0,0,0,0,0,0,0,0,0,0,0,0,0,0,0,0,0,0,0,0,1,0,0,0,0,0,0,0,0,4,0,0,
Elysium,19,Generalist,,,,,,NaN,0,0,0,0,0,0,0,1,0,0,0,0,8,0,0,8,0,0,1,0,0,0,0,0,0,0,0,0,0,0,0,1,1,1,0,1,0,0,0,0,0,0,0,0,0,0,0,0,0,0,8,0,0,2,0,1,0,0,0,0,0,3,0,0,0,0,0,0,0,0,0,1,0,0,0,1,0,0,0,0,0,0,0,0,0.5,0,2,0,0,0,0,0,0,0,0,0,0,0,0,4,0,0,0,0,1,0,0,0,0,0,0,0,0,0,0,0,2,0,
,22,Specialist,,,,,,,NaN,0,0,0,0,0,0,4,0,0,0,0,0,0,0,8,0,9,5,0,1,0,0,0,0,0,0,4,0,0,0,4,1,1,0,1,0,0,0,0,0,0,0,0,0,0,0,0,0,0,8,0,0,3,0,2,0,0,0,0,0,3,0,0,0,0,0,0,0,0,0,3,0,0,0,4,0,0,0,0,0,0,0,0,0.5,0,5,0,0,1,0,0,0,0,0,0,0,0,0,4,0,0,0,0,3,0,0,0,0,0,0,0,0,0,0,0,1,0,
,17,Ecologist,,,,,,,,NaN,2,0,2,0,0,0,0,0,0,8,0,0,0,0,0,0,0,0,0,0,0,3,0,0,0,0,0,0,0,0,0,0,0,0,0,0,0,1,1,0,4,0,0,0,0,0,0,0,0,0,0,0,0,0,0,0,0,0,0,0,0,0,0,0,0,0,0,0,0,3,0,0,0,0,0,0,0,0,0,0,0,0,0.5,0,0,6,0,0,0,0,0,0,0,0,0,0,1,0,0,0,2,0,3,0,0,2,9,0,0,0,0,2,0,0,1,0,
,53,Tycoon,,,,,,,,,NaN,0,1,1,0,0,1,0,3,0,0,0,2,3,2,0,0,0,0,2,0,0,0,0,0,1,0,0,2,0,0,0,0,0,0,0,0,0,5,1,3,2,1,2,0,0,0,2,0,1,1,1,0,0,0,0,0,2,0,0,1,0,2,1,1,1,3,0,0,0,1,1,0,0,0,1,1,1,3,0,0,2,0.5,1,0,2,0,0,1,0,1,1,2,0,0,0,2,1,0,0,2,0,1,0,4,2,1,2,0,0,1,1,0,0,1,1,
,6,Legend,,,,,,,,,,NaN,0,0,0,0,0,0,0,0,0,0,0,0,0,0,0,0,0,0,0,0,0,0,0,0,0,0,0,0,0,0,0,0,0,0,0,0,0,0,0,0,0,0,0,0,0,0,0,0,0,0,0,0,0,0,0,0,0,0,0,0,0,0,0,0,3,0,0,0,0,0,0,0,0,0,0,0,5,0,0,0,0.5,0,0,0,0,0,0,0,0,0,0,0,0,0,0,0,8,0,0,0,0,8,0,0,0,0,0,0,2,0,0,0,0,0,
Hellas,12,Diversifier,,,,,,,,,,,NaN,0,0,0,0,0,0,1,0,0,1,1,0,2,0,0,0,0,0,0,0,0,0,1,0,0,0,0,0,0,0,0,0,0,0,0,1,0,0,0,0,0,0,0,0,0,0,0,0,0,0,0,0,0,0,0,0,0,0,0,0,0,0,0,0,0,0,0,0,0,0,0,0,0,0,0,1,0,0,0,0.5,0,0,3,0,0,0,0,0,0,0,0,0,0,0,0,0,0,1,0,0,0,1,1,0,0,0,0,0,0,0,0,0,0,
,10,Tactician,,,,,,,,,,,,NaN,0,0,0,0,0,2,0,0,0,1,0,0,0,0,0,0,0,0,0,0,0,0,0,0,2,0,0,0,0,0,0,0,0,0,1,0,0,0,0,0,0,0,0,0,0,0,1,0,0,0,0,0,0,0,0,0,0,0,0,0,0,0,0,0,0,0,0,0,0,0,0,0,0,0,1,0,0,0,0.5,0,0,0,0,0,0,0,0,0,0,0,8,0,0,0,0,0,0,0,0,0,1,0,0,0,0,0,0,9,0,0,0,0,
,23,Polar Explorer,,,,,,,,,,,,,NaN,0,0,0,0,0,0,8,0,0,0,0,0,0,0,0,1,0,0,0,0,0,3,4,0,0,0,0,0,0,5,2,0,3,0,0,0,0,0,0,0,2,4,0,0,0,0,0,0,0,0,4,3,0,5,0,3,1,0,0,0,0,0,0,0,1,0,0,0,0,0,4,0,0,0,0,6,0,0.5,0,0,0,3,0,4,2,0,0,0,0,0,0,0,0,0,2,0,0,0,0,0,0,0,0,0,0,0,0,5,0,0,0,
,14,Energizer,,,,,,,,,,,,,,NaN,0,0,0,0,0,0,0,8,0,0,8,0,0,0,0,0,0,0,3,0,0,0,0,0,3,0,0,6,0,0,0,0,0,0,0,0,0,0,0,0,0,0,6,7,0,0,0,1,0,0,0,0,0,0,0,0,0,0,0,0,0,0,3,0,0,0,0,0,3,0,0,0,0,2,0,0,0.5,8,0,0,0,0,0,0,0,0,0,0,0,0,0,4,0,0,0,0,0,0,0,0,0,0,0,0,0,0,0,0,0,0,
,11,Rim Settler,,,,,,,,,,,,,,,NaN,0,0,0,0,0,5,0,1,0,0,0,0,0,0,0,0,0,0,0,0,0,0,0,0,0,2,0,0,0,0,0,1,3,0,0,0,0,0,0,0,0,0,0,0,0,8,0,0,0,0,0,0,0,0,0,0,0,0,0,0,0,0,0,0,0,0,0,0,0,0,0,0,0,0,3,0.5,0,3,0,0,1,0,0,0,0,0,0,0,0,0,0,0,0,0,0,0,0,0,0,0,0,0,0,0,0,0,0,0,9,
VN,8,Hoverlord*,,,,,,,,,,,,,,,,NaN,5,0,0,0,0,0,0,0,0,0,0,0,0,0,0,0,0,0,0,0,0,0,0,0,0,0,0,0,0,0,0,0,5,0,9,5,0,0,0,0,0,0,0,0,0,2,0,0,0,0,0,0,0,0,0,0,0,0,0,0,0,0,0,0,0,0,0,0,0,0,0,0,0,0,0.5,0,0,6,0,0,0,0,0,0,0,0,0,0,0,0,0,0,0,0,0,0,1,0,0,0,0,0,0,0,0,0,0,0,*Should only applied in games with Venus or Colony expansion enable.
,7,Venusian*,,,,,,,,,,,,,,,,,NaN,0,0,0,5,0,1,0,0,0,0,0,0,0,0,0,0,0,0,0,0,0,0,0,0,0,0,0,0,0,3,0,0,0,5,9,0,0,0,0,0,0,0,0,0,0,0,0,0,0,0,0,0,0,0,0,0,0,0,0,0,0,0,0,0,0,0,0,0,0,0,0,0,0,0.5,0,0,0,0,0,0,0,0,0,0,0,0,0,2,0,0,0,0,0,0,0,0,0,0,0,0,0,0,0,0,0,0,0,*Should only applied in games with Venus expansion enable.
modular M&A Expansion,8,Agronomist,,,,,,,,,,,,,,,,,,NaN,0,0,0,0,0,0,0,0,0,0,1,1,0,0,0,0,0,0,0,0,0,0,0,0,0,0,0,3,0,0,0,0,0,0,0,0,0,0,0,0,0,0,0,0,0,0,0,0,0,0,0,0,0,0,0,0,0,0,0,4,0,0,0,0,0,0,0,0,0,0,0,0,0.5,0,0,0,0,0,0,0,0,0,0,0,0,0,0,0,0,0,0,0,5,0,0,0,8,0,0,0,0,0,0,0,1,0,
,17,Merchant,,,,,,,,,,,,,,,,,,,NaN,0,0,6,0,0,4,0,0,0,0,0,0,0,0,0,0,0,0,1,2,3,0,3,0,0,0,0,0,0,0,0,0,0,0,0,0,0,7,0,0,3,0,5,0,0,0,0,0,0,0,0,0,0,0,0,0,0,0,2,0,0,0,2,0,0,0,0,0,2,0,0,0.5,0,4,0,0,0,0,0,0,0,0,0,0,0,0,1,0,0,0,0,2,0,0,0,0,0,0,0,0,0,0,0,4,0,
,25,Geologist,,,,,,,,,,,,,,,,,,,,NaN,0,0,0,0,0,0,0,0,8,0,0,2,0,0,4,8,0,0,0,0,0,0,8,8,0,8,0,0,0,4,0,0,0,2,6,0,0,0,4,0,0,0,0,5,6,0,0,0,3,1,0,0,0,0,0,0,0,0,0,0,8,0,0,9,0,0,1,0,6,0,0.5,0,0,0,4,0,3,2,0,0,0,0,0,0,0,0,0,3,0,0,0,0,0,0,0,0,0,1,0,0,0,0,0,0,
,12,Planetologist*,,,,,,,,,,,,,,,,,,,,,NaN,0,1,0,0,0,0,0,0,0,0,0,0,0,0,0,0,0,0,0,0,0,0,0,0,0,3,0,0,0,0,6,0,0,0,3,0,0,0,0,8,0,0,0,0,0,0,0,0,0,0,0,0,0,0,0,0,0,0,5,0,0,0,0,0,5,1,0,0,0,0.5,0,0,0,0,0,0,0,0,0,0,0,0,0,1,0,0,0,0,0,0,0,1,0,0,0,0,0,0,0,0,0,0,6,*Should only applied in games with Venus expansion enable.
,48,Producer,,,,,,,,,,,,,,,,,,,,,,NaN,0,9,9,0,2,1,0,0,0,0,2,4,0,2,2,4,3,3,2,3,0,0,3,2,4,2,0,2,0,1,1,0,0,2,9,2,0,8,2,2,0,0,0,2,0,6,0,0,2,0,0,0,0,0,0,4,0,0,0,5,0,0,0,0,2,2,0,2,0.5,0,7,0,0,3,0,0,2,0,0,0,0,0,2,5,1,0,0,0,4,1,2,0,2,2,0,0,0,2,0,0,6,0,
,33,Philanthropist,,,,,,,,,,,,,,,,,,,,,,,NaN,2,0,0,0,2,1,0,1,0,0,0,0,0,1,0,0,0,1,0,0,0,0,0,1,1,0,1,0,1,1,1,0,1,0,0,1,0,1,0,0,0,0,2,0,0,0,0,1,0,1,0,0,0,0,0,0,1,0,0,0,0,1,1,2,0,0,1,0.5,1,0,0,0,1,0,0,1,0,1,0,0,0,2,0,0,0,0,0,0,0,3,0,0,2,0,0,0,1,0,0,0,1,
,35,Fundraiser,,,,,,,,,,,,,,,,,,,,,,,,NaN,0,0,5,0,0,0,0,0,0,5,0,2,2,8,0,0,3,0,0,0,2,0,3,2,0,2,0,2,0,3,0,2,0,2,3,0,2,0,0,0,0,3,0,0,0,0,0,0,0,0,0,0,2,0,0,0,0,0,2,0,0,0,3,0,0,0,0.5,0,0,0,0,6,0,0,2,2,2,0,0,0,3,2,0,0,0,2,0,2,3,0,2,3,0,2,0,2,0,0,0,2,
,18,Engineer,,,,,,,,,,,,,,,,,,,,,,,,,NaN,0,0,0,0,0,1,0,4,0,0,0,0,0,9,0,0,7,0,0,1,0,0,0,0,3,0,0,0,0,0,0,8,5,0,6,0,0,0,0,0,0,0,5,0,0,0,0,0,0,0,0,0,0,0,0,0,8,0,0,0,0,0,6,0,0,0.5,5,0,0,0,0,0,0,0,0,0,0,0,0,0,5,0,0,0,0,0,0,1,0,0,0,0,0,0,1,0,0,6,0,
,3,Lobbyist*,,,,,,,,,,,,,,,,,,,,,,,,,,NaN,0,0,0,0,0,0,0,0,0,0,0,0,0,0,0,0,0,0,0,0,0,0,0,0,0,0,0,0,0,0,0,0,0,0,0,0,3,0,0,0,0,0,0,0,0,0,0,0,0,0,0,0,0,0,0,0,0,0,0,0,0,0,0,0,0.5,0,0,0,0,0,0,0,0,0,0,0,0,0,0,0,0,0,0,0,0,0,0,0,0,0,7,0,0,0,0,0,0,0,*Should only applied in games with Turmoil expansion enable.
,4,Briber,,,,,,,,,,,,,,,,,,,,,,,,,,,NaN,0,0,0,0,0,0,1,0,0,0,5,0,0,0,0,0,0,0,0,0,0,0,0,0,0,0,0,0,0,0,0,0,0,0,0,0,0,0,0,0,0,0,0,0,0,0,0,0,0,0,0,0,0,0,0,0,0,0,0,0,0,0,0,0.5,0,0,0,0,8,0,0,0,0,0,0,0,0,0,0,0,0,0,0,0,0,0,0,0,0,0,0,0,0,0,0,0,0,
,9,Sponsor,,,,,,,,,,,,,,,,,,,,,,,,,,,,NaN,0,0,0,0,0,3,0,0,0,1,0,0,8,0,0,0,0,0,5,0,0,0,0,0,0,0,0,0,0,0,0,0,0,0,0,0,0,0,0,0,0,0,0,0,0,0,0,0,0,0,0,0,0,0,0,0,0,0,3,0,0,0,0.5,0,0,0,0,0,0,0,0,0,0,0,0,0,0,1,0,0,0,0,0,0,4,0,0,0,0,0,0,1,0,0,0,0,
,27,Landshaper,,,,,,,,,,,,,,,,,,,,,,,,,,,,,NaN,0,0,2,0,1,0,6,0,0,0,0,0,0,1,1,1,2,0,0,0,3,0,0,0,1,3,0,0,0,3,0,0,0,0,2,3,0,5,0,3,2,0,0,0,0,0,0,0,0,0,0,1,0,0,3,0,0,0,0,6,0,0.5,0,0,3,0,0,1,1,0,0,0,0,0,0,0,0,0,1,0,1,0,0,0,0,0,0,0,2,0,0,5,0,0,0,
,8,Farmer,,,,,,,,,,,,,,,,,,,,,,,,,,,,,,NaN,0,0,0,0,0,0,0,0,0,0,0,0,0,0,0,0,0,0,7,0,0,0,0,0,0,0,0,0,0,0,0,3,0,0,0,0,0,0,0,0,0,0,0,0,0,0,0,0,0,0,0,0,0,0,0,0,0,0,0,0,0.5,0,0,0,0,0,0,0,0,0,0,0,0,0,0,0,0,0,9,0,0,0,4,7,4,0,0,0,0,2,0,0,0,0,
,7,Researcher,,,,,,,,,,,,,,,,,,,,,,,,,,,,,,,NaN,0,0,0,0,0,9,0,0,0,0,0,0,0,0,0,2,0,0,0,0,0,0,0,0,0,0,0,0,0,0,0,0,0,0,0,0,0,0,0,0,0,0,0,0,0,0,0,0,0,0,0,0,0,0,0,0,0,0,0,0.5,0,0,0,0,0,0,0,0,0,0,0,0,0,4,0,0,0,0,0,0,0,3,0,0,0,0,0,0,6,0,2,0,0,
,6,Hydrologist,,,,,,,,,,,,,,,,,,,,,,,,,,,,,,,,NaN,0,0,5,0,0,0,0,0,0,0,0,6,0,2,0,0,0,0,0,0,0,0,2,0,0,0,0,0,0,0,0,0,0,0,0,0,0,0,0,0,0,0,0,0,0,0,0,0,0,0,0,0,0,0,0,0,0,0,0.5,0,0,0,5,0,0,0,0,0,0,0,0,0,0,0,0,0,0,0,0,0,0,0,0,0,0,0,0,0,0,0,0,0,
,9,Thawer,,,,,,,,,,,,,,,,,,,,,,,,,,,,,,,,,NaN,0,0,0,0,0,5,0,0,1,0,0,0,0,0,0,0,0,0,0,0,0,0,0,3,1,0,0,0,0,0,0,0,0,0,0,0,0,0,0,0,0,0,0,0,0,0,0,0,7,0,0,0,0,0,6,0,0,0.5,1,0,0,0,0,0,0,0,0,0,0,0,0,0,0,0,0,0,0,0,0,0,0,0,0,0,0,0,0,0,0,6,0,
,18,Architect,,,,,,,,,,,,,,,,,,,,,,,,,,,,,,,,,,NaN,0,5,0,5,0,0,2,0,0,0,0,0,1,0,0,6,0,0,0,8,0,0,0,0,7,0,0,0,0,0,0,0,1,0,1,0,0,0,0,0,0,0,0,0,0,0,2,0,0,0,0,0,0,0,3,0,0.5,0,0,0,0,1,0,0,0,0,0,0,0,0,1,0,0,1,0,4,0,0,0,0,0,0,0,8,0,0,1,0,0,0,
,21,Coastguard,,,,,,,,,,,,,,,,,,,,,,,,,,,,,,,,,,,NaN,4,0,0,0,0,0,0,5,9,0,4,0,0,0,0,0,0,0,4,4,0,0,0,4,0,0,0,0,0,4,0,1,0,3,2,0,0,0,0,0,0,0,1,0,0,5,0,0,4,0,0,0,0,6,0,0.5,0,0,0,0,0,4,2,0,0,0,0,0,0,0,0,0,1,0,0,0,0,0,0,0,0,0,1,0,0,1,0,0,0,
Tharsis,26,Landlord,,,,,,,,,,,,,,,,,,,,,,,,,,,,,,,,,,,,NaN,0,0,0,0,0,0,7,7,0,8,0,0,0,0,0,0,0,8,6,0,0,0,4,0,0,0,0,8,9,0,8,0,4,6,0,7,0,0,0,0,0,1,0,0,6,0,0,4,0,0,0,0,9,0,0,0,0,0,4,0,4,4,0,7,0,0,0,0,0,0,0,2,0,3,1,0,0,0,0,0,0,4,0,0,8,0,4,0,
,5,Scientist,,,,,,,,,,,,,,,,,,,,,,,,,,,,,,,,,,,,,NaN,0,0,0,0,0,0,0,0,0,2,0,0,0,0,0,0,0,0,0,0,0,0,0,0,0,0,0,0,0,0,0,0,0,0,0,0,0,0,0,0,0,0,0,0,0,0,0,0,0,0,0,0,0,0,0,0,0,0,0,0,0,0,0,0,0,0,0,4,0,0,0,0,0,0,0,2,0,0,0,0,0,0,5,0,4,0,0,
,8,Banker,,,,,,,,,,,,,,,,,,,,,,,,,,,,,,,,,,,,,,NaN,0,0,1,0,0,0,1,0,0,0,0,0,0,0,0,1,0,0,0,0,0,0,0,0,0,0,0,1,0,0,0,0,0,0,0,0,0,0,1,0,0,0,0,0,1,0,0,0,0,0,0,0,0,0,0,0,0,2,0,0,0,0,0,0,0,0,0,0,0,0,0,0,0,0,0,0,0,1,0,0,0,0,0,0,0,0,
,7,Thermalist,,,,,,,,,,,,,,,,,,,,,,,,,,,,,,,,,,,,,,,NaN,0,0,0,0,0,1,0,0,0,0,0,0,0,0,0,0,0,5,0,0,5,0,1,0,0,0,0,0,0,0,0,0,0,0,0,0,0,0,0,0,0,0,8,0,0,0,0,0,7,0,0,0,0,0,0,0,0,0,0,0,0,0,0,0,0,0,0,0,0,0,0,0,0,0,0,0,0,0,0,0,0,0,0,6,0,
,15,Miner,,,,,,,,,,,,,,,,,,,,,,,,,,,,,,,,,,,,,,,,NaN,0,7,0,0,0,0,0,0,0,0,0,0,0,0,0,0,4,0,0,0,0,2,0,0,0,0,0,9,0,0,1,3,0,0,0,2,0,0,0,0,0,0,0,0,0,0,0,0,0,1,0,0,8,0,0,0,0,0,1,3,0,0,0,2,0,2,0,0,0,1,0,0,0,0,0,0,0,1,0,0,0,0,0,0,
Elysium,6,Celebrity,,,,,,,,,,,,,,,,,,,,,,,,,,,,,,,,,,,,,,,,,NaN,0,0,0,0,0,1,3,0,0,0,0,0,1,0,0,0,0,2,0,0,0,0,0,0,0,0,0,0,0,0,0,0,0,0,0,0,0,0,0,0,0,0,0,0,0,0,0,0,0,0,0,0,0,0,2,0,0,0,0,0,0,0,0,0,0,0,0,0,0,0,0,1,0,0,0,0,0,0,0,0,0,0,0,
,16,Industrialist,,,,,,,,,,,,,,,,,,,,,,,,,,,,,,,,,,,,,,,,,,NaN,0,0,0,0,0,0,0,0,0,0,0,0,0,0,4,2,0,5,0,2,0,0,0,0,0,5,0,0,1,3,0,0,0,1,0,0,0,0,0,0,0,0,0,0,0,0,0,1,0,3,5,0,0,0,0,0,1,3,0,0,0,1,0,2,0,0,0,0,0,0,0,0,0,0,0,1,0,0,0,0,0,0,
,22,Desert Settler,,,,,,,,,,,,,,,,,,,,,,,,,,,,,,,,,,,,,,,,,,,NaN,5,1,7,0,0,0,0,0,0,0,3,3,0,0,0,3,0,0,0,0,5,6,0,5,0,3,3,0,0,0,0,0,0,0,1,0,0,2,0,0,4,0,0,0,0,6,0,0,0,0,0,5,0,4,3,0,0,0,0,0,0,0,0,0,2,0,0,0,0,0,0,0,0,0,1,0,0,5,0,1,0,
,20,Estate Dealer,,,,,,,,,,,,,,,,,,,,,,,,,,,,,,,,,,,,,,,,,,,,NaN,1,8,0,0,0,0,0,0,0,3,3,0,0,0,3,0,0,0,0,0,5,0,2,0,3,3,0,0,0,0,0,0,0,1,0,0,5,0,0,4,0,0,0,0,6,0,0,0,0,0,9,0,4,3,0,0,0,0,0,0,0,0,0,1,0,0,0,0,0,0,0,0,0,1,0,0,2,0,1,0,
,8,Benefactor,,,,,,,,,,,,,,,,,,,,,,,,,,,,,,,,,,,,,,,,,,,,,NaN,3,0,0,0,0,0,0,0,0,0,0,0,0,0,0,0,0,0,0,0,0,0,0,0,0,0,1,0,0,0,0,0,3,0,0,0,3,0,0,0,0,0,1,0,0,0,0,0,0,0,0,0,0,0,1,0,0,0,0,0,0,0,0,0,0,3,0,0,0,0,0,0,0,0,0,0,0,5,0,
Hellas,15,Cultivator,,,,,,,,,,,,,,,,,,,,,,,,,,,,,,,,,,,,,,,,,,,,,,NaN,0,0,0,0,0,0,0,0,3,0,0,0,0,0,0,0,0,3,8,0,4,0,2,3,0,0,0,0,0,0,0,5,0,0,4,0,0,0,0,0,0,0,4,0,0,0,0,0,4,0,0,0,0,0,0,0,0,0,0,0,0,1,0,0,5,0,0,0,1,0,0,0,0,0,4,0,3,0,
,31,Magnate,,,,,,,,,,,,,,,,,,,,,,,,,,,,,,,,,,,,,,,,,,,,,,,NaN,2,0,2,0,0,1,3,3,2,0,1,1,0,0,0,0,0,0,2,0,0,1,0,2,0,1,0,2,0,0,0,1,1,0,0,0,1,1,1,3,0,0,2,0,1,0,0,0,0,1,0,1,0,0,0,0,0,2,1,0,0,0,0,1,0,0,0,1,2,0,0,0,1,0,0,1,1,
,10,Space Baron,,,,,,,,,,,,,,,,,,,,,,,,,,,,,,,,,,,,,,,,,,,,,,,,NaN,0,0,0,0,0,1,0,0,0,0,0,0,2,0,0,0,0,0,0,4,0,0,0,0,0,0,0,0,4,0,0,0,0,0,4,0,0,0,0,0,0,9,0,0,0,1,0,0,0,0,0,0,0,0,0,0,7,0,0,0,0,5,0,0,0,0,0,0,0,0,0,0,0,0,0,3,
,11,Excentric,,,,,,,,,,,,,,,,,,,,,,,,,,,,,,,,,,,,,,,,,,,,,,,,,NaN,0,5,2,0,0,0,0,0,0,0,0,0,5,0,0,0,0,0,0,0,0,0,0,0,8,0,1,0,0,0,0,0,0,0,0,0,0,0,0,0,0,0,0,0,8,0,0,0,0,0,0,0,7,0,3,0,0,0,0,8,0,0,0,0,7,4,0,0,0,0,0,0,0,0,0,
,14,Contractor,,,,,,,,,,,,,,,,,,,,,,,,,,,,,,,,,,,,,,,,,,,,,,,,,,NaN,0,0,0,4,3,0,0,1,4,3,0,0,0,0,0,0,0,0,0,0,1,1,0,0,0,0,0,0,0,0,0,0,0,0,0,0,0,0,0,0,0,0,4,0,0,0,0,0,1,1,0,0,0,0,8,2,0,0,0,0,0,0,1,0,0,0,0,3,0,0,0,0,0,0,
VN,5,Air Commander*,,,,,,,,,,,,,,,,,,,,,,,,,,,,,,,,,,,,,,,,,,,,,,,,,,,NaN,5,0,0,0,0,0,0,0,0,0,2,0,0,0,0,0,0,0,0,0,0,0,0,0,0,0,0,0,0,0,0,0,0,0,0,0,0,0,0,0,0,0,3,0,0,0,0,0,0,0,0,0,0,0,0,0,0,0,0,0,0,1,0,0,0,0,0,0,1,0,0,0,0,*Should only applied in games with Venus or Colony expansion enable.
,4,Venuphile*,,,,,,,,,,,,,,,,,,,,,,,,,,,,,,,,,,,,,,,,,,,,,,,,,,,,NaN,0,0,0,0,0,0,0,0,0,0,0,0,0,0,0,0,0,0,0,0,0,0,0,0,0,0,0,0,0,0,0,0,0,0,0,0,0,0,0,0,0,4,0,0,0,0,0,0,0,0,0,0,4,0,0,0,0,0,0,0,2,0,0,0,0,0,0,1,0,0,0,0,*Should only applied in games with Venus expansion enable.
modular M&A Expansion,1,Administrator,,,,,,,,,,,,,,,,,,,,,,,,,,,,,,,,,,,,,,,,,,,,,,,,,,,,,NaN,0,0,0,0,0,0,0,0,0,0,0,0,0,0,0,0,0,0,0,0,0,0,0,0,0,0,0,0,0,0,0,0,0,0,0,0,0,0,0,0,0,0,0,0,0,0,0,0,0,0,0,0,0,0,0,0,0,0,0,1,0,0,0,0,0,0,0,0,0,0,0,
,15,Metropolist,,,,,,,,,,,,,,,,,,,,,,,,,,,,,,,,,,,,,,,,,,,,,,,,,,,,,,NaN,5,0,1,0,8,0,0,0,0,3,3,0,3,0,3,3,0,0,0,0,0,0,0,0,0,0,3,0,0,0,0,0,0,0,6,0,0,0,0,0,4,0,0,0,0,0,0,0,0,0,0,0,0,3,0,0,0,0,0,0,0,0,0,7,0,1,3,0,0,0,
,17,Founder,,,,,,,,,,,,,,,,,,,,,,,,,,,,,,,,,,,,,,,,,,,,,,,,,,,,,,,NaN,0,0,0,3,0,0,0,0,3,3,0,3,0,9,5,0,4,0,0,0,0,0,0,0,0,3,0,0,2,0,0,0,0,8,0,0,0,0,0,4,0,3,3,1,0,0,0,0,0,0,0,0,4,0,0,0,0,0,0,0,0,0,6,0,0,3,0,0,0,
,4,Investor,,,,,,,,,,,,,,,,,,,,,,,,,,,,,,,,,,,,,,,,,,,,,,,,,,,,,,,,NaN,0,0,0,0,8,0,0,0,0,0,0,0,0,0,0,0,0,0,0,0,0,0,0,9,0,0,0,0,0,9,0,0,0,0,0,0,0,0,0,0,0,0,0,0,0,0,0,0,6,0,0,0,0,0,0,0,0,0,0,0,0,0,0,0,0,0,0,0,
,9,Mogul,,,,,,,,,,,,,,,,,,,,,,,,,,,,,,,,,,,,,,,,,,,,,,,,,,,,,,,,,NaN,0,0,8,0,3,0,0,0,0,0,5,0,0,0,0,0,0,0,0,0,4,0,0,0,6,0,0,0,0,0,0,0,0,0,0,7,0,0,0,0,0,0,0,0,0,0,2,0,5,0,0,0,0,0,0,0,0,0,0,0,0,0,0,0,0,8,0,
,4,Electrician,,,,,,,,,,,,,,,,,,,,,,,,,,,,,,,,,,,,,,,,,,,,,,,,,,,,,,,,,,NaN,0,0,0,0,0,0,0,0,0,0,0,0,0,0,0,0,0,0,0,0,0,0,0,0,0,0,0,0,0,1,0,0,0,9,0,0,0,0,0,0,0,0,0,0,0,0,6,1,0,0,0,0,0,0,0,0,0,0,0,0,0,0,0,0,0,0,
,14,Constructor*,,,,,,,,,,,,,,,,,,,,,,,,,,,,,,,,,,,,,,,,,,,,,,,,,,,,,,,,,,,NaN,0,0,0,0,3,3,0,3,0,3,2,0,0,0,0,0,0,8,0,0,0,3,0,8,0,0,0,0,0,6,0,0,0,0,0,4,0,0,0,0,0,0,0,0,0,0,0,0,4,0,6,0,0,0,0,0,0,0,0,0,2,3,0,0,0,*Should only applied in games with Colony expansion enable.
,4,Manufacturer,,,,,,,,,,,,,,,,,,,,,,,,,,,,,,,,,,,,,,,,,,,,,,,,,,,,,,,,,,,,NaN,0,0,0,0,0,0,0,0,0,0,0,0,0,0,0,1,0,0,0,0,0,0,0,0,0,0,0,0,0,0,0,0,7,0,0,0,0,0,0,0,0,0,0,1,0,0,0,0,0,0,0,0,0,0,0,0,0,0,0,0,0,0,7,0,
,5,Traveller,,,,,,,,,,,,,,,,,,,,,,,,,,,,,,,,,,,,,,,,,,,,,,,,,,,,,,,,,,,,,NaN,0,0,0,0,0,0,0,0,0,0,0,0,0,0,0,0,0,0,9,0,0,0,0,0,9,0,0,0,2,0,0,0,0,0,0,0,0,0,0,0,0,0,0,3,0,0,0,0,0,0,0,0,0,0,0,0,0,0,0,0,0,0,9,
,13,Collector,,,,,,,,,,,,,,,,,,,,,,,,,,,,,,,,,,,,,,,,,,,,,,,,,,,,,,,,,,,,,,NaN,0,0,0,0,0,0,0,0,0,0,0,2,0,0,0,0,0,0,0,0,0,0,0,0,0,1,0,0,0,0,2,8,0,0,0,0,0,0,0,2,0,0,0,1,0,0,3,0,1,0,2,2,1,0,0,0,0,2,0,0,2,0,
,1,Politician*,,,,,,,,,,,,,,,,,,,,,,,,,,,,,,,,,,,,,,,,,,,,,,,,,,,,,,,,,,,,,,,NaN,0,0,0,0,0,0,0,0,0,0,0,0,0,0,0,0,0,0,0,0,0,0,0,0,0,0,0,0,0,0,0,0,0,0,0,0,0,0,0,0,0,0,0,0,0,0,0,0,0,0,0,0,0,7,0,0,0,0,0,0,0,*Should only applied in games with Turmoil expansion enable.
,15,Highlander,,,,,,,,,,,,,,,,,,,,,,,,,,,,,,,,,,,,,,,,,,,,,,,,,,,,,,,,,,,,,,,,NaN,6,0,3,0,3,3,0,7,0,0,0,0,0,0,0,0,3,0,0,3,0,0,0,0,6,0,0,0,0,0,0,0,3,2,0,8,0,0,0,0,0,0,0,3,0,7,0,0,0,0,0,0,0,1,0,0,3,0,0,0,
,13,Landscaper,,,,,,,,,,,,,,,,,,,,,,,,,,,,,,,,,,,,,,,,,,,,,,,,,,,,,,,,,,,,,,,,,NaN,0,4,0,6,6,0,7,0,0,0,0,0,0,0,0,3,0,0,3,0,0,0,0,7,0,0,0,0,0,4,0,4,3,0,9,0,0,0,0,0,0,0,3,0,0,0,0,0,0,0,0,0,0,0,0,4,0,0,0,
,2,Incorporator,,,,,,,,,,,,,,,,,,,,,,,,,,,,,,,,,,,,,,,,,,,,,,,,,,,,,,,,,,,,,,,,,,NaN,0,0,0,0,0,0,0,0,0,0,0,0,0,0,0,0,0,0,0,0,0,0,0,0,0,0,0,0,0,2,0,0,0,0,0,0,0,0,0,0,0,0,0,0,0,0,0,0,0,9,0,0,0,0,0,0,0,0,
,9,Suburbian*,,,,,,,,,,,,,,,,,,,,,,,,,,,,,,,,,,,,,,,,,,,,,,,,,,,,,,,,,,,,,,,,,,,NaN,0,2,3,0,0,0,0,0,0,0,0,0,0,1,0,0,4,0,0,0,0,8,0,0,0,0,0,1,0,0,2,0,0,0,0,0,6,0,0,0,2,0,0,0,0,0,0,0,0,0,0,0,0,0,0,0,0,*Is the same as the Edgedancer from Vastitas Borealis
,10,Blacksmith,,,,,,,,,,,,,,,,,,,,,,,,,,,,,,,,,,,,,,,,,,,,,,,,,,,,,,,,,,,,,,,,,,,,NaN,0,0,1,0,0,0,0,2,0,0,0,0,0,0,0,0,0,0,0,0,0,1,0,0,8,0,0,0,0,0,1,3,0,0,0,2,0,2,0,0,0,1,0,0,0,0,0,0,0,1,0,0,0,0,0,0,
Ares,11,Networker*,,,,,,,,,,,,,,,,,,,,,,,,,,,,,,,,,,,,,,,,,,,,,,,,,,,,,,,,,,,,,,,,,,,,,NaN,4,0,0,0,0,0,0,0,0,0,0,3,0,0,3,0,0,0,0,5,0,0.5,0,0,0,3,0,9,4,0,0,0,0,0,0,0,0,0,1,0,0,0,0,1,0,0,0,0,0,0,0,2,0,0,0,*Should only applied in games with Ares expansion enable.
,10,Purifier*,,,,,,,,,,,,,,,,,,,,,,,,,,,,,,,,,,,,,,,,,,,,,,,,,,,,,,,,,,,,,,,,,,,,,,NaN,0,0,0,0,0,0,0,0,0,0,2,0,0,2,0,0,0,0,5,0,0.5,0,0,0,2,0,4,2,0,0,0,0,0,0,0,0,0,2,0,0,0,0,0,0,0,0,0,1,0,0,3,0,0,0,*Should only applied in games with Ares expansion extreme enable.
Moon,9,One Giant Step*,,,,,,,,,,,,,,,,,,,,,,,,,,,,,,,,,,,,,,,,,,,,,,,,,,,,,,,,,,,,,,,,,,,,,,,NaN,9,0,0,0,0,0,0,0,0,0,0,0,0,0,0,0,0,0,1,0.5,0,2,0,0,0,0,0,9,7,0,0,0,0,6,1,0,0,0,0,0,0,1,0,0,0,0,0,0,0,0,0,0,0,*Should only applied in games with Moon expansion enable.
,8,Lunarchitect*,,,,,,,,,,,,,,,,,,,,,,,,,,,,,,,,,,,,,,,,,,,,,,,,,,,,,,,,,,,,,,,,,,,,,,,,NaN,0,0,0,0,0,0,0,0,0,0,0,0,0,0,0,0,0,1,0.5,0,3,0,0,0,0,0,7,9,0,0,0,0,0,1,0,2,0,0,0,0,1,0,0,0,0,0,0,0,0,0,0,0,*Should only applied in games with Moon expansion enable.
Path,7,Martian*,,,,,,,,,,,,,,,,,,,,,,,,,,,,,,,,,,,,,,,,,,,,,,,,,,,,,,,,,,,,,,,,,,,,,,,,,NaN,1,0,0,0,0,0,0,0,0,0,0,9,0,0,0,0,0,0.5,0,0,0,0,0,0,0,0,0,9,1,0,0,1,0,0,0,0,0,0,0,1,0,0,0,0,0,0,0,0,0,0,0,*Should only applied in games with Pathfinder or Underworld expansion enable.
,5,Analyst*,,,,,,,,,,,,,,,,,,,,,,,,,,,,,,,,,,,,,,,,,,,,,,,,,,,,,,,,,,,,,,,,,,,,,,,,,,NaN,0,0,0,0,0,0,0,0,0,0,1,0,0,0,0,0,0.5,0,0,4,0,0,0,0,0,0,1,9,0,0,0,0,0,0,0,0,0,0,0,0,0,0,0,0,0,0,0,0,0,0,*Should only applied in games with Pathfinder or Underworld expansion enable.
Underworld,5,Risktaker,,,,,,,,,,,,,,,,,,,,,,,,,,,,,,,,,,,,,,,,,,,,,,,,,,,,,,,,,,,,,,,,,,,,,,,,,,,NaN,0,0,0,0,0,0,0,0,0,0,0,3,0,0,0,0.5,0,0,0,0,0,0,0,0,0,0,0,0,0,0,0,3,0,0,0,0,3,2,0,0,0,0,0,0,0,0,0,0,0,
,4,Tunneler*,,,,,,,,,,,,,,,,,,,,,,,,,,,,,,,,,,,,,,,,,,,,,,,,,,,,,,,,,,,,,,,,,,,,,,,,,,,,NaN,0,0,0,0,0,0,0,0,0,0,0,0,0,0,0.5,0,2,0,0,0,0,0,0,0,0,0,0,8,0,0,0,0,1,0,0,0,0,0,0,0,0,0,0,0,0,0,0,0,*Should only applied in games with Underworld expansion enable.
"Amazonis
Planitia",5,Colonizer*,,,,,,,,,,,,,,,,,,,,,,,,,,,,,,,,,,,,,,,,,,,,,,,,,,,,,,,,,,,,,,,,,,,,,,,,,,,,,NaN,0,2,0,0,0,9,0,0,0,0,0,0,4,0.5,0,0,0,0,0,0,0,0,0,0,0,0,0,0,1,0,0,0,0,0,0,0,0,0,0,0,0,0,0,0,0,0,0,*Should only applied in games with Colony expansion enable.
,9,Forester,,,,,,,,,,,,,,,,,,,,,,,,,,,,,,,,,,,,,,,,,,,,,,,,,,,,,,,,,,,,,,,,,,,,,,,,,,,,,,NaN,0,0,1,0,0,0,0,0,0,0,0,0,0.5,0,0,0,1,0,0,0,0,0,0,0,0,0,0,4,0,1,0,0,9,0,0,0,3,0,0,0,0,1,0,0,6,0,
,2,Minimalist,,,,,,,,,,,,,,,,,,,,,,,,,,,,,,,,,,,,,,,,,,,,,,,,,,,,,,,,,,,,,,,,,,,,,,,,,,,,,,,NaN,0,0,0,2,0,0,0,0,0,0,0,0.5,0,0,0,0,0,0,0,0,0,0,0,0,0,0,0,0,0,0,0,0,0,0,0,0,0,0,0,0,0,0,0,0,0,
,5,Terran,,,,,,,,,,,,,,,,,,,,,,,,,,,,,,,,,,,,,,,,,,,,,,,,,,,,,,,,,,,,,,,,,,,,,,,,,,,,,,,,NaN,0,0,0,0,0,9,0,0,0,0,0.5,0,0,0,0,0,0,0,0,0,0,0,0,0,1,1,0,0,0,0,0,0,1,0,0,0,0,0,0,0,0,0,0,0,
,9,Tropicalist,,,,,,,,,,,,,,,,,,,,,,,,,,,,,,,,,,,,,,,,,,,,,,,,,,,,,,,,,,,,,,,,,,,,,,,,,,,,,,,,,NaN,0,0,4,0,0,0,0,8,0,0.5,0,0,0,5,0,4,2,0,0,0,0,0,0,0,0,0,2,0,0,0,0,0,0,0,0,0,1,0,0,1,0,0,0,
"Arabia
Terra",4,Economizer,,,,,,,,,,,,,,,,,,,,,,,,,,,,,,,,,,,,,,,,,,,,,,,,,,,,,,,,,,,,,,,,,,,,,,,,,,,,,,,,,,NaN,0,0,0,0,0,8,0,0,0.5,0,0,0,0,0,0,0,0,0,0,0,0,0,0,4,0,0,0,0,0,0,0,0,0,0,0,0,0,0,0,0,8,0,
,3,Pioneer*,,,,,,,,,,,,,,,,,,,,,,,,,,,,,,,,,,,,,,,,,,,,,,,,,,,,,,,,,,,,,,,,,,,,,,,,,,,,,,,,,,,NaN,0,0,0,0,0,0,4,0.5,2,0,0,0,0,0,0,0,0,0,0,0,0,0,0,0,0,0,0,0,0,0,0,0,0,0,0,0,0,0,0,0,0,*Should only applied in games with Colony expansion enable.
,8,Land Specialist,,,,,,,,,,,,,,,,,,,,,,,,,,,,,,,,,,,,,,,,,,,,,,,,,,,,,,,,,,,,,,,,,,,,,,,,,,,,,,,,,,,,NaN,0,0,0,0,7,0,0.5,0,0,0,4,0,9,5,0,0,0,0,0,0,0,0,0,2,0,0,0,0,1,0,0,0,0,0,0,0,4,0,0,0,
,5,Martian*,,,,,,,,,,,,,,,,,,,,,,,,,,,,,,,,,,,,,,,,,,,,,,,,,,,,,,,,,,,,,,,,,,,,,,,,,,,,,,,,,,,,,NaN,0,0,0,0,0,0.5,0,0,0,0,0,0,0,0,0,9,1,0,0,1,0,0,0,0,0,0,0,1,0,0,0,0,0,0,0,0,0,0,0,*Should only applied in games with Pathfinder or Underworld expansion enable.
,4,Terran,,,,,,,,,,,,,,,,,,,,,,,,,,,,,,,,,,,,,,,,,,,,,,,,,,,,,,,,,,,,,,,,,,,,,,,,,,,,,,,,,,,,,,NaN,0,0,0,0,0.5,0,0,0,0,0,0,0,0,0,0,0,0,0,1,1,0,0,0,0,0,0,1,0,0,0,0,0,0,0,0,0,0,0,
"Terra
Cimmeria",9,T. Collector,,,,,,,,,,,,,,,,,,,,,,,,,,,,,,,,,,,,,,,,,,,,,,,,,,,,,,,,,,,,,,,,,,,,,,,,,,,,,,,,,,,,,,,NaN,0,0,1,0.5,1,0,0,0,0,0,0,0,0,0,0,0,0,1,0,1,0,0,0,0,1,4,0,1,0,0,0,0,1,0,0,0,0,
,4,Firestarter,,,,,,,,,,,,,,,,,,,,,,,,,,,,,,,,,,,,,,,,,,,,,,,,,,,,,,,,,,,,,,,,,,,,,,,,,,,,,,,,,,,,,,,,NaN,0,0,0.5,2,0,0,0,0,0,0,0,0,0,0,0,0,0,1,0,0,0,0,0,0,0,0,0,0,0,0,0,0,0,0,5,0,
,6,Terra Pioneer,,,,,,,,,,,,,,,,,,,,,,,,,,,,,,,,,,,,,,,,,,,,,,,,,,,,,,,,,,,,,,,,,,,,,,,,,,,,,,,,,,,,,,,,,NaN,0,0.5,0,0,0,6,0,8,7,0,0,0,0,0,0,0,0,0,2,0,0,0,0,0,0,0,0,0,0,0,0,8,0,0,0,
,8,Spacefarer,,,,,,,,,,,,,,,,,,,,,,,,,,,,,,,,,,,,,,,,,,,,,,,,,,,,,,,,,,,,,,,,,,,,,,,,,,,,,,,,,,,,,,,,,,NaN,0.5,0,1,0,0,0,0,0,1,1,0,0,0,0,4,0,0,0,0,5,0,0,2,0,0,0,0,0,0,0,0,0,0,3,
,5,Gambler,,,,,,,,,,,,,,,,,,,,,,,,,,,,,,,,,,,,,,,,,,,,,,,,,,,,,,,,,,,,,,,,,,,,,,,,,,,,,,,,,,,,,,,,,,,NaN,0.5,0.5,0.5,0.5,0.5,0,0,0,0,0,0,0,0,0,0,0,0,0,0,0,0,0,0,0,0,0,0,0,0,0,0,0,0,
Vastitas Borealis,3,V. Electrician,,,,,,,,,,,,,,,,,,,,,,,,,,,,,,,,,,,,,,,,,,,,,,,,,,,,,,,,,,,,,,,,,,,,,,,,,,,,,,,,,,,,,,,,,,,,NaN,0,0,0,0,0,0,0,0,0,0,0,0,1,3,0,0,0,0,0,0,1,0,0,0,0,0,0,0,0,0,0,0,
,7,Smith,,,,,,,,,,,,,,,,,,,,,,,,,,,,,,,,,,,,,,,,,,,,,,,,,,,,,,,,,,,,,,,,,,,,,,,,,,,,,,,,,,,,,,,,,,,,,NaN,0,0,0,0,0,2,3,0,0,0,2,0,5,0,0,0,1,0,0,0,0,0,0,0,2,0,0,0,0,0,3,
,5,Tradesman,,,,,,,,,,,,,,,,,,,,,,,,,,,,,,,,,,,,,,,,,,,,,,,,,,,,,,,,,,,,,,,,,,,,,,,,,,,,,,,,,,,,,,,,,,,,,,NaN,0,0,0,0,0,0,0,4,0,0,0,0,0,0,7,0,0,0,0,6,6,0,0,0,0,2,0,0,0,0,
,5,Irrigator,,,,,,,,,,,,,,,,,,,,,,,,,,,,,,,,,,,,,,,,,,,,,,,,,,,,,,,,,,,,,,,,,,,,,,,,,,,,,,,,,,,,,,,,,,,,,,,NaN,0,4,2,0,0,0,0,0,0,0,0,0,1,0,0,0,0,0,0,0,0,0,1,0,0,1,0,0,0,
,2,Capitalist,,,,,,,,,,,,,,,,,,,,,,,,,,,,,,,,,,,,,,,,,,,,,,,,,,,,,,,,,,,,,,,,,,,,,,,,,,,,,,,,,,,,,,,,,,,,,,,,NaN,0,0,0,0,0,0,0,0,0,0,0,0,0,0,0,0,0,0,0,2,0,0,0,0,0,0,0,1,
Ares,2,Entrepreneur*,,,,,,,,,,,,,,,,,,,,,,,,,,,,,,,,,,,,,,,,,,,,,,,,,,,,,,,,,,,,,,,,,,,,,,,,,,,,,,,,,,,,,,,,,,,,,,,,,NaN,2,0,0,0,0,0,0,0,0,0,0,0,0,0,0,1,0,0,0,0,0,0,0,0,0,0,0,*Should only applied in games with Ares expansion enable.
,3,Rugged*,,,,,,,,,,,,,,,,,,,,,,,,,,,,,,,,,,,,,,,,,,,,,,,,,,,,,,,,,,,,,,,,,,,,,,,,,,,,,,,,,,,,,,,,,,,,,,,,,,NaN,0,0,0,0,0,0,0,0,0,1,0,0,0,0,0,0,0,0,0,1,0,0,2,0,0,0,*Should only applied in games with Ares expansion extreme enable.
Moon,3,Full Moon*,,,,,,,,,,,,,,,,,,,,,,,,,,,,,,,,,,,,,,,,,,,,,,,,,,,,,,,,,,,,,,,,,,,,,,,,,,,,,,,,,,,,,,,,,,,,,,,,,,,NaN,9,0,0,0,0,2,1,0,0,0,0,0,0,0,0,0,0,0,0,0,0,0,0,0,0,*Should only applied in games with Moon expansion enable.
,1,Lunar Magnate*,,,,,,,,,,,,,,,,,,,,,,,,,,,,,,,,,,,,,,,,,,,,,,,,,,,,,,,,,,,,,,,,,,,,,,,,,,,,,,,,,,,,,,,,,,,,,,,,,,,,NaN,0,0,0,0,0,0,0,2,0,0,0,0,0,0,0,0,0,0,0,0,0,0,0,0,*Should only applied in games with Moon expansion enable.
Path,3,Marsophile*,,,,,,,,,,,,,,,,,,,,,,,,,,,,,,,,,,,,,,,,,,,,,,,,,,,,,,,,,,,,,,,,,,,,,,,,,,,,,,,,,,,,,,,,,,,,,,,,,,,,,NaN,1,0,0,1,0,0,0,0,0,0,0,1,0,0,0,0,0,0,0,0,0,0,0,*Should only applied in games with Pathfinder or Underworld expansion enable.
,0,Archivist*,,,,,,,,,,,,,,,,,,,,,,,,,,,,,,,,,,,,,,,,,,,,,,,,,,,,,,,,,,,,,,,,,,,,,,,,,,,,,,,,,,,,,,,,,,,,,,,,,,,,,,NaN,0,0,0,0,0,0,0,0,0,0,0,0,0,0,0,0,0,0,0,0,0,0,*Should only applied in games with Pathfinder or Underworld expansion enable.
Underworld,1,Kingpin*,,,,,,,,,,,,,,,,,,,,,,,,,,,,,,,,,,,,,,,,,,,,,,,,,,,,,,,,,,,,,,,,,,,,,,,,,,,,,,,,,,,,,,,,,,,,,,,,,,,,,,,NaN,0,0,0,0,0,0,0,0,0,0,0,0,0,0,0,0,9,0,0,0,0,*Should only applied in games with Underworld expansion enable.
,1,Edgelord*,,,,,,,,,,,,,,,,,,,,,,,,,,,,,,,,,,,,,,,,,,,,,,,,,,,,,,,,,,,,,,,,,,,,,,,,,,,,,,,,,,,,,,,,,,,,,,,,,,,,,,,,NaN,0,0,0,0,0,0,0,0,0,0,0,0,0,0,0,0,6,0,0,0,*Should only applied in games with Underworld expansion enable.
"Amazonis
Planitia",2,Curator,,,,,,,,,,,,,,,,,,,,,,,,,,,,,,,,,,,,,,,,,,,,,,,,,,,,,,,,,,,,,,,,,,,,,,,,,,,,,,,,,,,,,,,,,,,,,,,,,,,,,,,,,NaN,0,0,0,0,0,0,0,0,0,2,0,0,0,0,0,0,0,0,1,
,2,A. Engineer,,,,,,,,,,,,,,,,,,,,,,,,,,,,,,,,,,,,,,,,,,,,,,,,,,,,,,,,,,,,,,,,,,,,,,,,,,,,,,,,,,,,,,,,,,,,,,,,,,,,,,,,,,NaN,0,0,0,0,4,0,0,0,0,0,0,0,0,0,0,0,4,0,
,2,Promoter,,,,,,,,,,,,,,,,,,,,,,,,,,,,,,,,,,,,,,,,,,,,,,,,,,,,,,,,,,,,,,,,,,,,,,,,,,,,,,,,,,,,,,,,,,,,,,,,,,,,,,,,,,,NaN,0,0,0,0,9,0,0,0,0,0,0,2,0,0,0,0,0,
,2,Tourist,,,,,,,,,,,,,,,,,,,,,,,,,,,,,,,,,,,,,,,,,,,,,,,,,,,,,,,,,,,,,,,,,,,,,,,,,,,,,,,,,,,,,,,,,,,,,,,,,,,,,,,,,,,,NaN,0,0,1,0,0,0,0,0,0,0,0,0,2,0,0,0,
,5,A. Zoologist,,,,,,,,,,,,,,,,,,,,,,,,,,,,,,,,,,,,,,,,,,,,,,,,,,,,,,,,,,,,,,,,,,,,,,,,,,,,,,,,,,,,,,,,,,,,,,,,,,,,,,,,,,,,,NaN,0,2,0,1,8,6,0,0,0,0,0,0,0,2,0,
"Arabia
Terra",0,Cosmic Settler,,,,,,,,,,,,,,,,,,,,,,,,,,,,,,,,,,,,,,,,,,,,,,,,,,,,,,,,,,,,,,,,,,,,,,,,,,,,,,,,,,,,,,,,,,,,,,,,,,,,,,,,,,,,,,NaN,0,0,0,0,0,0,0,0,0,0,0,0,0,0,
,3,Botanist,,,,,,,,,,,,,,,,,,,,,,,,,,,,,,,,,,,,,,,,,,,,,,,,,,,,,,,,,,,,,,,,,,,,,,,,,,,,,,,,,,,,,,,,,,,,,,,,,,,,,,,,,,,,,,,NaN,0,0,2,5,0,0,0,0,0,0,0,7,0,
,1,Promoter,,,,,,,,,,,,,,,,,,,,,,,,,,,,,,,,,,,,,,,,,,,,,,,,,,,,,,,,,,,,,,,,,,,,,,,,,,,,,,,,,,,,,,,,,,,,,,,,,,,,,,,,,,,,,,,,NaN,0,0,0,0,0,0,2,0,0,0,0,0,
,1,A. Manufacturer,,,,,,,,,,,,,,,,,,,,,,,,,,,,,,,,,,,,,,,,,,,,,,,,,,,,,,,,,,,,,,,,,,,,,,,,,,,,,,,,,,,,,,,,,,,,,,,,,,,,,,,,,,,,,,,,,NaN,1,0,0,0,0,0,0,0,0,0,0,
,2,Zoologist,,,,,,,,,,,,,,,,,,,,,,,,,,,,,,,,,,,,,,,,,,,,,,,,,,,,,,,,,,,,,,,,,,,,,,,,,,,,,,,,,,,,,,,,,,,,,,,,,,,,,,,,,,,,,,,,,,NaN,6,0,0,0,0,0,0,0,2,0,
"Terra
Cimmeria",0,Biologist,,,,,,,,,,,,,,,,,,,,,,,,,,,,,,,,,,,,,,,,,,,,,,,,,,,,,,,,,,,,,,,,,,,,,,,,,,,,,,,,,,,,,,,,,,,,,,,,,,,,,,,,,,,,,,,,,,,NaN,0,0,0,0,0,0,0,0,0,
,0,Incorporator,,,,,,,,,,,,,,,,,,,,,,,,,,,,,,,,,,,,,,,,,,,,,,,,,,,,,,,,,,,,,,,,,,,,,,,,,,,,,,,,,,,,,,,,,,,,,,,,,,,,,,,,,,,,,,,,,,,,NaN,0,0,0,0,0,0,0,0,
,0,T. Politician*,,,,,,,,,,,,,,,,,,,,,,,,,,,,,,,,,,,,,,,,,,,,,,,,,,,,,,,,,,,,,,,,,,,,,,,,,,,,,,,,,,,,,,,,,,,,,,,,,,,,,,,,,,,,,,,,,,,,,NaN,0,0,0,0,0,0,0,*Should only applied in games with Turmoil expansion enable.
,0,Urbanist,,,,,,,,,,,,,,,,,,,,,,,,,,,,,,,,,,,,,,,,,,,,,,,,,,,,,,,,,,,,,,,,,,,,,,,,,,,,,,,,,,,,,,,,,,,,,,,,,,,,,,,,,,,,,,,,,,,,,,NaN,0,0,0,0,0,0,
,0,Warmonger,,,,,,,,,,,,,,,,,,,,,,,,,,,,,,,,,,,,,,,,,,,,,,,,,,,,,,,,,,,,,,,,,,,,,,,,,,,,,,,,,,,,,,,,,,,,,,,,,,,,,,,,,,,,,,,,,,,,,,,NaN,0,0,0,0,0,
Vastitas Borealis,0,Forecaster,,,,,,,,,,,,,,,,,,,,,,,,,,,,,,,,,,,,,,,,,,,,,,,,,,,,,,,,,,,,,,,,,,,,,,,,,,,,,,,,,,,,,,,,,,,,,,,,,,,,,,,,,,,,,,,,,,,,,,,,NaN,0,0,0,0,
,0,Edgedancer*,,,,,,,,,,,,,,,,,,,,,,,,,,,,,,,,,,,,,,,,,,,,,,,,,,,,,,,,,,,,,,,,,,,,,,,,,,,,,,,,,,,,,,,,,,,,,,,,,,,,,,,,,,,,,,,,,,,,,,,,,NaN,0,0,0,*Is the same as the Suburbian from M&A expansion
,0,Visionary,,,,,,,,,,,,,,,,,,,,,,,,,,,,,,,,,,,,,,,,,,,,,,,,,,,,,,,,,,,,,,,,,,,,,,,,,,,,,,,,,,,,,,,,,,,,,,,,,,,,,,,,,,,,,,,,,,,,,,,,,,NaN,0,0,
,0,Naturalist,,,,,,,,,,,,,,,,,,,,,,,,,,,,,,,,,,,,,,,,,,,,,,,,,,,,,,,,,,,,,,,,,,,,,,,,,,,,,,,,,,,,,,,,,,,,,,,,,,,,,,,,,,,,,,,,,,,,,,,,,,,NaN,0,
,0,Voyager,,,,,,,,,,,,,,,,,,,,,,,,,,,,,,,,,,,,,,,,,,,,,,,,,,,,,,,,,,,,,,,,,,,,,,,,,,,,,,,,,,,,,,,,,,,,,,,,,,,,,,,,,,,,,,,,,,,,,,,,,,,,NaN,